{
  "mode": "eye_to_hand_touch",
  "camera_matrix": [
    [
      1815.2203284833934,
      0.0,
      1028.0746924434711
    ],
    [
      0.0,
      1829.9738122015044,
      469.92459375775434
    ],
    [
      0.0,
      0.0,
      1.0
    ]
  ],
  "dist_coeffs": [
    [
      0.5503844881004575,
      -2.829778155862167,
      -0.032681231457113075,
      0.03091084208915925,
      -25.2241238736082
    ]
  ],
  "image_size": [
    1920,
    1080
  ],
  "T_cam2base": [
    [
      -0.012883440167120177,
      0.994790728989862,
      0.10112083111446232,
      105.5054179748351
    ],
    [
      0.9998492629629421,
      0.011639372833569743,
      0.012883180993200632,
      1.1721877586525267
    ],
    [
      0.011639085957352687,
      0.1012715681514833,
      -0.9947907323463648,
      731.1625682223664
    ],
    [
      0.0,
      0.0,
      0.0,
      1.0
    ]
  ],
  "touch_residuals_mm": [
    2.5733131372424247,
    2.061175641821917,
    1.77863738813881,
    3.915824254973017
  ],
  "calib_marker": {
    "id": 3,
    "size_mm": 93.0
  },
  "pump_length_mm": 70.0
}