{
  "mode": "affine2d_pixel_to_base_xy_multi",
  "affine_2x3": [
    [
      -0.012597237713634968,
      0.5794454216957092,
      -141.5727996826172
    ],
    [
      0.6201097965240479,
      -0.046197786927223206,
      -539.1420288085938
    ]
  ],
  "table_z_mm": 0.0,
  "image_size": [
    1920,
    1080
  ],
  "n_markers": 4,
  "residuals_mm": [
    0.15443938970565796,
    1.933034896850586,
    1.2003329992294312,
    0.8870992660522461
  ],
  "pixels_px": [
    [
      862.28271484375,
      646.5691528320312
    ],
    [
      932.3943481445312,
      548.4195556640625
    ],
    [
      1054.77294921875,
      585.5982666015625
    ],
    [
      754.602783203125,
      515.2001953125
    ]
  ],
  "touched_base_xy_mm": [
    [
      222.32757568359375,
      -34.40927505493164
    ],
    [
      165.85308837890625,
      12.368152618408203
    ],
    [
      183.59764099121094,
      88.7123031616211
    ],
    [
      146.81271362304688,
      -94.39119720458984
    ]
  ],
  "note": "2D affine from multiple scattered markers. Better coverage than single-marker version. Table-plane only (z \u2248 0)."
}