{
  "camera_matrix": [
    [
      1815.2203284833934,
      0.0,
      1028.0746924434711
    ],
    [
      0.0,
      1829.9738122015044,
      469.92459375775434
    ],
    [
      0.0,
      0.0,
      1.0
    ]
  ],
  "dist_coeffs": [
    [
      0.5503844881004575,
      -2.829778155862167,
      -0.032681231457113075,
      0.03091084208915925,
      -25.2241238736082
    ]
  ],
  "image_size": [
    1920,
    1080
  ],
  "reprojection_error_px": 0.5845019538323328
}